user_id,signup_date,plan,transcription_count,last_active_date,acquisition_channel,cancellation_reason,converted_to_paid,second_transcription_within_48h,has_recording_upload,songs_transcribed,,,,,
1315,2024-09-17,free,5,2024-12-09,ai_search,task_complete,FALSE,TRUE,FALSE,Lose Yourself|What a Wonderful World|Piano Man|Experience|Summertime,,,,,
1445,2024-11-28,free,4,2025-01-08,direct,bugs,FALSE,FALSE,FALSE,What a Wonderful World|Someone Like You|Misty|Creep,,,,,
1399,2024-05-02,free,3,2024-06-22,direct,too_expensive,FALSE,FALSE,FALSE,Shallow|All of Me|Fly Me to the Moon,,,,,
1021,2024-08-15,free,15,2025-02-05,ai_search,bugs,FALSE,TRUE,TRUE,Shape of You|Original Piece|My Song|Composition Draft|Creep|My Composition #1|Wonderwall|Lose Yourself|Hallelujah|Original Composition|Original Work|My Piano Piece|My Composition #2|Let It Be|My Original,,,,,
1443,2024-11-30,free,4,2024-12-05,social,bugs,FALSE,TRUE,FALSE,Hotel California|Gymnopédie No.1|Perfect|Hallelujah,,,,,
1148,2024-01-18,free,3,2024-03-14,google_search,task_complete,FALSE,FALSE,FALSE,All of Me|Stairway to Heaven|Let It Be,,,,,
1169,2024-03-18,free,1,2024-05-17,google_search,missing_feature,FALSE,FALSE,FALSE,Wonderwall,,,,,
1461,2025-01-02,free,1,2025-02-16,direct,missing_feature,FALSE,FALSE,FALSE,Stairway to Heaven,,,,,
1045,2024-05-12,plus,7,2024-06-16,direct,,TRUE,FALSE,TRUE,Original Piece|Studio Recording|Bohemian Rhapsody|My Composition #2|Original Composition|Clair de Lune|All of Me,,,,,
1362,2025-03-02,free,1,2025-03-19,direct,too_expensive,FALSE,FALSE,FALSE,Let It Be,,,,,
1318,2024-05-19,free,4,2024-07-16,ai_search,too_expensive,FALSE,TRUE,FALSE,What a Wonderful World|Piano Man|Perfect|Wonderwall,,,,,
1281,2024-07-05,free,3,2024-09-25,ai_search,task_complete,FALSE,FALSE,FALSE,Clocks|Autumn Leaves|Experience,,,,,
1278,2024-04-09,free,2,2024-07-08,ai_search,too_expensive,FALSE,FALSE,FALSE,Lose Yourself|Experience,,,,,
1446,2024-03-24,free,2,2024-04-20,social,,FALSE,FALSE,FALSE,Piano Man|Blinding Lights,,,,,
1355,2024-02-18,free,3,2024-04-08,direct,missing_feature,FALSE,FALSE,FALSE,Blinding Lights|Lose Yourself|Stay With Me,,,,,
1170,2024-04-05,free,5,2024-06-27,google_search,too_expensive,FALSE,FALSE,FALSE,The Sound of Silence|The Scientist|Stay With Me|Piano Man|Bohemian Rhapsody,,,,,
1257,2024-11-23,free,4,2025-02-09,google_search,,FALSE,FALSE,FALSE,Yesterday|Experience|Fix You|Comptine d'un autre été,,,,,
1005,2025-03-02,plus,10,2025-06-26,referral,,TRUE,TRUE,TRUE,My Original|All of Me|Clair de Lune|Composition Draft|My Piano Piece|Original Composition|The Scientist|Stay With Me|Practice Recording|Untitled Recording,,,,,
1188,2024-06-21,free,4,2024-07-29,google_search,task_complete,FALSE,FALSE,FALSE,Lose Yourself|Fix You|Experience|Shallow,,,,,
1349,2025-03-14,free,3,2025-05-13,direct,,FALSE,FALSE,FALSE,Someone Like You|Autumn Leaves|Hallelujah,,,,,
1158,2025-01-12,free,5,2025-02-23,google_search,missing_feature,FALSE,FALSE,FALSE,Hallelujah|Stay With Me|Let It Be|Piano Man|Hotel California,,,,,
1328,2024-04-18,free,2,2024-06-26,ai_search,bugs,FALSE,FALSE,FALSE,Stairway to Heaven|Hallelujah,,,,,
1157,2024-05-10,free,3,2024-06-27,google_search,missing_feature,FALSE,TRUE,FALSE,Hallelujah|Summertime|Nuvole Bianche,,,,,
1331,2025-04-05,free,1,2025-04-07,ai_search,,FALSE,FALSE,FALSE,Fix You,,,,,
1408,2024-03-03,free,4,2024-04-27,social,task_complete,FALSE,FALSE,FALSE,Lose Yourself|All of Me|Wonderwall|Let It Be,,,,,
1414,2025-02-19,free,2,2025-03-18,social,task_complete,FALSE,FALSE,FALSE,Autumn Leaves|Blackbird,,,,,
1352,2024-08-20,free,1,2024-08-29,social,missing_feature,FALSE,FALSE,FALSE,Shallow,,,,,
1010,2024-09-29,plus,9,2025-03-17,ai_search,,TRUE,TRUE,TRUE,Nuvole Bianche|Perfect|Original Composition|River Flows in You|Original Piece|My Composition #3|Studio Recording|Composition Draft|Blinding Lights,,,,,
1377,2025-04-01,free,2,2025-04-01,direct,task_complete,FALSE,FALSE,FALSE,Gymnopédie No.1|Lose Yourself,,,,,
1137,2024-10-27,free,1,2025-01-06,google_search,too_expensive,FALSE,TRUE,FALSE,Lose Yourself,,,,,
1323,2024-12-09,free,1,2025-02-19,ai_search,too_expensive,FALSE,FALSE,FALSE,Wonderwall,,,,,
1048,2024-02-08,plus,16,2024-05-06,referral,,TRUE,TRUE,TRUE,Original Composition|Autumn Leaves|My Composition #1|Piano Man|My Recording|Original Work|My Song|Composition Draft|My Piano Piece|All of Me|Hotel California|Stairway to Heaven|My Composition #3|River Flows in You|Untitled Recording|Misty,,,,,
1436,2024-05-23,free,3,2024-06-04,social,task_complete,FALSE,TRUE,FALSE,Bohemian Rhapsody|Wonderwall|Someone Like You,,,,,
1199,2024-11-27,free,2,2024-12-22,google_search,task_complete,FALSE,FALSE,FALSE,The Scientist|Blackbird,,,,,
1166,2024-08-03,free,1,2024-10-27,google_search,missing_feature,FALSE,FALSE,FALSE,Stay With Me,,,,,
1203,2024-01-26,free,3,2024-04-22,google_search,missing_feature,FALSE,FALSE,FALSE,Misty|Bohemian Rhapsody|The Heart Asks Pleasure First,,,,,
1070,2024-07-26,free,16,2024-08-01,social,missing_feature,FALSE,TRUE,FALSE,Yesterday|Bohemian Rhapsody|The Scientist|Hallelujah|Autumn Leaves|Let It Be|Clair de Lune|Imagine|Blackbird|All of Me|Shallow|Comptine d'un autre été|Nuvole Bianche|Lose Yourself|Creep|Misty,,,,,
1220,2024-12-02,free,5,2024-12-18,google_search,,FALSE,FALSE,FALSE,Fix You|Stay With Me|Creep|Perfect|The Sound of Silence,,,,,
1225,2024-03-06,free,2,2024-03-23,google_search,missing_feature,FALSE,FALSE,FALSE,Yesterday|Shallow,,,,,
1429,2024-07-23,free,4,2024-09-03,social,task_complete,FALSE,FALSE,FALSE,Fly Me to the Moon|The Sound of Silence|River Flows in You|Lose Yourself,,,,,
1064,2024-09-24,free,15,2024-09-28,social,missing_feature,FALSE,TRUE,FALSE,Summertime|Nuvole Bianche|The Sound of Silence|Autumn Leaves|Imagine|The Heart Asks Pleasure First|Stairway to Heaven|Comptine d'un autre été|All of Me|Stay With Me|Hotel California|Someone Like You|Blinding Lights|What a Wonderful World|Experience,,,,,
1219,2024-11-11,free,4,2024-11-27,google_search,too_expensive,FALSE,FALSE,FALSE,Clocks|Autumn Leaves|Imagine|Gymnopédie No.1,,,,,
1054,2024-11-06,pro,6,2025-01-14,google_search,,TRUE,FALSE,TRUE,Stairway to Heaven|Composition Draft|My Composition #1|Imagine|Experience|My Piano Piece,,,,,
1000,2024-07-25,free,6,2025-01-14,referral,too_expensive,FALSE,TRUE,TRUE,Clair de Lune|Original Work|My Composition #3|My Recording|Shallow|The Sound of Silence,,,,,
1118,2024-06-24,free,2,2024-09-15,referral,task_complete,FALSE,FALSE,FALSE,Gymnopédie No.1|Lose Yourself,,,,,
1016,2024-08-16,plus,10,2024-12-01,ai_search,,TRUE,FALSE,TRUE,Untitled Recording|My Composition #3|Studio Recording|What a Wonderful World|Improv Session|Summertime|Piano Man|My Composition #2|Autumn Leaves|My Song,,,,,
1292,2025-01-06,free,5,2025-01-20,ai_search,task_complete,FALSE,FALSE,FALSE,Fix You|The Heart Asks Pleasure First|Clocks|Wonderwall|Yesterday,,,,,
1006,2025-03-23,free,7,2025-07-01,social,missing_feature,FALSE,FALSE,TRUE,My Original|Shallow|Original Work|Hallelujah|Yesterday|Composition Draft|Practice Recording,,,,,
1358,2024-12-06,free,1,2024-12-10,social,too_expensive,FALSE,TRUE,FALSE,Fix You,,,,,
1001,2025-02-09,free,17,2025-06-04,direct,,FALSE,FALSE,TRUE,Studio Recording|Composition Draft|Clocks|My Composition #3|Clair de Lune|Practice Recording|The Heart Asks Pleasure First|Fix You|Misty|Stairway to Heaven|Untitled Recording|My Piano Piece|My Composition #1|My Song|My Recording|Lose Yourself|Original Composition,,,,,
1398,2024-03-01,free,1,2024-03-21,direct,too_expensive,FALSE,FALSE,FALSE,Comptine d'un autre été,,,,,
1228,2025-02-25,free,3,2025-05-13,google_search,bugs,FALSE,TRUE,FALSE,Autumn Leaves|Clocks|Bohemian Rhapsody,,,,,
1383,2024-07-06,free,2,2024-08-31,direct,task_complete,FALSE,FALSE,FALSE,Experience|Stay With Me,,,,,
1374,2024-03-12,free,3,2024-04-08,social,too_expensive,FALSE,FALSE,FALSE,Fly Me to the Moon|Yesterday|Nuvole Bianche,,,,,
1182,2024-08-07,free,1,2024-08-27,google_search,too_expensive,FALSE,FALSE,FALSE,What a Wonderful World,,,,,
1020,2024-05-11,free,14,2024-06-18,ai_search,missing_feature,FALSE,TRUE,TRUE,Shallow|Lose Yourself|Untitled Recording|My Song|Composition Draft|My Composition #2|The Sound of Silence|My Composition #1|All of Me|Practice Recording|Creep|My Piano Piece|Original Composition|Shape of You,,,,,
1084,2024-11-30,free,1,2025-03-05,direct,missing_feature,FALSE,FALSE,FALSE,Imagine,,,,,
1145,2024-01-28,free,3,2024-03-15,google_search,bugs,FALSE,FALSE,FALSE,Experience|Shape of You|Wonderwall,,,,,
1334,2024-08-18,free,5,2024-08-18,ai_search,task_complete,FALSE,TRUE,FALSE,Stairway to Heaven|Lose Yourself|All of Me|Shape of You|Piano Man,,,,,
1204,2024-05-02,free,4,2024-07-23,google_search,too_expensive,FALSE,TRUE,FALSE,Blackbird|Creep|River Flows in You|Wonderwall,,,,,
1174,2024-04-30,free,3,2024-06-12,google_search,task_complete,FALSE,FALSE,FALSE,The Scientist|Hotel California|Autumn Leaves,,,,,
1193,2024-03-12,free,1,2024-03-30,google_search,task_complete,FALSE,TRUE,FALSE,Gymnopédie No.1,,,,,
1065,2024-02-04,free,17,2024-02-10,social,missing_feature,FALSE,TRUE,FALSE,Nuvole Bianche|What a Wonderful World|Hallelujah|Experience|Clair de Lune|Fly Me to the Moon|Let It Be|Clocks|Imagine|Summertime|Wonderwall|Yesterday|Bohemian Rhapsody|Shallow|Shape of You|Hotel California|Autumn Leaves,,,,,
1116,2025-03-12,free,3,2025-04-17,referral,,FALSE,FALSE,FALSE,All of Me|River Flows in You|Shallow,,,,,
1343,2025-03-19,free,4,2025-05-08,ai_search,too_expensive,FALSE,TRUE,FALSE,Bohemian Rhapsody|River Flows in You|The Scientist|Clair de Lune,,,,,
1032,2024-05-27,free,16,2024-06-21,ai_search,missing_feature,FALSE,FALSE,TRUE,Fix You|My Recording|Shape of You|My Original|My Composition #1|Original Composition|Piano Man|Original Piece|My Song|All of Me|Stay With Me|Practice Recording|Yesterday|My Piano Piece|The Heart Asks Pleasure First|Composition Draft,,,,,
1270,2024-07-14,free,4,2024-09-07,ai_search,missing_feature,FALSE,FALSE,FALSE,Fly Me to the Moon|Hallelujah|Lose Yourself|Misty,,,,,
1294,2024-07-22,free,3,2024-10-06,ai_search,too_expensive,FALSE,FALSE,FALSE,The Heart Asks Pleasure First|Summertime|Gymnopédie No.1,,,,,
1351,2024-07-31,free,1,2024-08-28,social,task_complete,FALSE,FALSE,FALSE,Blinding Lights,,,,,
1201,2024-07-29,free,4,2024-09-02,google_search,task_complete,FALSE,FALSE,FALSE,Lose Yourself|Summertime|Autumn Leaves|Experience,,,,,
1350,2024-11-05,free,4,2024-11-05,social,task_complete,FALSE,TRUE,FALSE,Hallelujah|Stairway to Heaven|Clocks|Bohemian Rhapsody,,,,,
1178,2025-04-29,free,2,2025-06-13,google_search,bugs,FALSE,FALSE,FALSE,Wonderwall|Experience,,,,,
1417,2024-12-14,free,2,2025-01-06,social,task_complete,FALSE,TRUE,FALSE,The Scientist|Autumn Leaves,,,,,
1418,2024-07-22,free,1,2024-08-06,social,task_complete,FALSE,TRUE,FALSE,Fix You,,,,,
1112,2024-08-05,free,1,2024-10-21,referral,,FALSE,FALSE,FALSE,Gymnopédie No.1,,,,,
1092,2024-06-14,free,4,2025-03-03,direct,missing_feature,FALSE,FALSE,FALSE,Wonderwall|What a Wonderful World|Someone Like You|Blinding Lights,,,,,
1229,2024-05-21,free,3,2024-07-09,google_search,,FALSE,FALSE,FALSE,The Heart Asks Pleasure First|Summertime|Piano Man,,,,,
1132,2024-08-16,free,5,2024-08-19,google_search,missing_feature,FALSE,FALSE,FALSE,Nuvole Bianche|Lose Yourself|Blinding Lights|Summertime|Hallelujah,,,,,
1036,2025-02-10,free,7,2025-04-11,ai_search,,FALSE,TRUE,TRUE,My Recording|Clair de Lune|Original Composition|Untitled Recording|Nuvole Bianche|My Original|All of Me,,,,,
1336,2024-06-06,free,1,2024-08-11,ai_search,task_complete,FALSE,TRUE,FALSE,Nuvole Bianche,,,,,
1052,2024-08-25,free,9,2024-12-10,ai_search,,FALSE,TRUE,TRUE,My Recording|Original Piece|Practice Recording|What a Wonderful World|Blackbird|Experience|Original Work|My Piano Piece|Imagine,,,,,
1338,2025-03-20,free,3,2025-05-29,ai_search,task_complete,FALSE,FALSE,FALSE,Blackbird|The Scientist|Imagine,,,,,
1250,2025-03-30,free,1,2025-05-13,google_search,,FALSE,FALSE,FALSE,Fix You,,,,,
1400,2024-11-14,free,2,2025-01-10,direct,task_complete,FALSE,TRUE,FALSE,The Sound of Silence|Gymnopédie No.1,,,,,
1079,2024-10-13,free,4,2025-03-05,direct,missing_feature,FALSE,FALSE,FALSE,Let It Be|Perfect|Clocks|Lose Yourself,,,,,
1341,2024-02-26,free,5,2024-04-02,ai_search,bugs,FALSE,TRUE,FALSE,Shape of You|Creep|Gymnopédie No.1|Lose Yourself|Yesterday,,,,,
1207,2024-03-30,free,3,2024-06-26,google_search,task_complete,FALSE,TRUE,FALSE,Lose Yourself|The Scientist|All of Me,,,,,
1078,2024-12-20,free,3,2025-03-09,google_search,missing_feature,FALSE,FALSE,FALSE,Blackbird|Misty|Piano Man,,,,,
1205,2025-01-04,free,1,2025-02-06,google_search,bugs,FALSE,TRUE,FALSE,The Sound of Silence,,,,,
1385,2024-11-21,free,3,2024-12-23,direct,too_expensive,FALSE,FALSE,FALSE,Blinding Lights|Wonderwall|Shape of You,,,,,
1176,2024-04-23,free,2,2024-04-24,google_search,task_complete,FALSE,TRUE,FALSE,Hotel California|What a Wonderful World,,,,,
1373,2024-08-25,free,3,2024-10-07,social,task_complete,FALSE,FALSE,FALSE,Stay With Me|Lose Yourself|Comptine d'un autre été,,,,,
1011,2024-09-05,pro,9,2025-03-12,ai_search,,TRUE,FALSE,TRUE,My Piano Piece|The Scientist|Clair de Lune|Shape of You|My Composition #2|My Composition #3|Improv Session|Gymnopédie No.1|My Recording,,,,,
1035,2024-12-08,free,7,2025-04-26,social,too_expensive,FALSE,FALSE,TRUE,My Original|Improv Session|Creep|My Composition #2|Blinding Lights|Composition Draft|Perfect,,,,,
1261,2024-06-19,free,5,2024-08-02,google_search,task_complete,FALSE,TRUE,FALSE,The Heart Asks Pleasure First|Gymnopédie No.1|Fly Me to the Moon|Shape of You|Let It Be,,,,,
1415,2024-02-28,free,1,2024-03-07,social,bugs,FALSE,TRUE,FALSE,Experience,,,,,
1236,2025-04-12,free,1,2025-06-17,google_search,task_complete,FALSE,FALSE,FALSE,Blinding Lights,,,,,
1034,2024-07-10,free,6,2024-07-31,ai_search,bugs,FALSE,TRUE,TRUE,Stairway to Heaven|Improv Session|Blackbird|My Piano Piece|My Song|Lose Yourself,,,,,
1196,2024-11-04,free,4,2024-12-03,google_search,too_expensive,FALSE,FALSE,FALSE,Blackbird|Clair de Lune|Autumn Leaves|Perfect,,,,,
1404,2024-12-06,free,3,2024-12-22,social,task_complete,FALSE,FALSE,FALSE,Clocks|Gymnopédie No.1|Fix You,,,,,
1427,2024-06-27,free,2,2024-07-08,social,missing_feature,FALSE,FALSE,FALSE,Fix You|Blackbird,,,,,
1361,2024-08-17,free,2,2024-09-07,social,bugs,FALSE,FALSE,FALSE,Hotel California|Comptine d'un autre été,,,,,
1230,2025-02-04,free,3,2025-02-14,google_search,task_complete,FALSE,FALSE,FALSE,Shape of You|What a Wonderful World|Perfect,,,,,
1428,2025-01-22,free,4,2025-02-03,direct,task_complete,FALSE,FALSE,FALSE,Nuvole Bianche|Creep|The Heart Asks Pleasure First|Experience,,,,,
1133,2025-04-19,free,3,2025-05-07,google_search,task_complete,FALSE,FALSE,FALSE,Gymnopédie No.1|Experience|Hallelujah,,,,,
1340,2024-07-21,free,1,2024-07-21,ai_search,task_complete,FALSE,FALSE,FALSE,The Scientist,,,,,
1239,2025-04-21,free,2,2025-06-03,google_search,task_complete,FALSE,FALSE,FALSE,Creep|All of Me,,,,,
1208,2024-04-29,free,2,2024-05-21,google_search,task_complete,FALSE,FALSE,FALSE,Creep|Misty,,,,,
1180,2024-12-08,free,3,2025-03-03,google_search,task_complete,FALSE,TRUE,FALSE,Shallow|Autumn Leaves|Piano Man,,,,,
1413,2024-03-07,free,1,2024-03-07,direct,task_complete,FALSE,FALSE,FALSE,Gymnopédie No.1,,,,,
1259,2024-11-02,free,3,2025-01-23,google_search,task_complete,FALSE,TRUE,FALSE,Misty|Clair de Lune|Stairway to Heaven,,,,,
1412,2024-10-09,free,2,2024-11-04,direct,task_complete,FALSE,FALSE,FALSE,Stairway to Heaven|Piano Man,,,,,
1181,2024-12-17,free,2,2025-02-14,google_search,,FALSE,FALSE,FALSE,What a Wonderful World|Stairway to Heaven,,,,,
1242,2025-02-19,free,5,2025-03-07,google_search,too_expensive,FALSE,FALSE,FALSE,The Sound of Silence|Experience|Shape of You|Nuvole Bianche|Summertime,,,,,
1290,2024-10-04,free,3,2024-11-24,ai_search,task_complete,FALSE,FALSE,FALSE,Hallelujah|Wonderwall|The Sound of Silence,,,,,
1305,2025-04-09,free,5,2025-06-26,ai_search,missing_feature,FALSE,FALSE,FALSE,Piano Man|Bohemian Rhapsody|Someone Like You|Blinding Lights|Shape of You,,,,,
1147,2024-09-06,free,3,2024-11-19,google_search,too_expensive,FALSE,FALSE,FALSE,Hotel California|Clair de Lune|The Sound of Silence,,,,,
1295,2024-06-16,free,1,2024-09-10,ai_search,missing_feature,FALSE,TRUE,FALSE,Stairway to Heaven,,,,,
1410,2025-03-02,free,3,2025-03-15,direct,missing_feature,FALSE,FALSE,FALSE,Creep|Clair de Lune|Fly Me to the Moon,,,,,
1227,2024-04-18,free,1,2024-06-16,google_search,too_expensive,FALSE,TRUE,FALSE,Stairway to Heaven,,,,,
1256,2024-11-01,free,2,2025-01-19,google_search,too_expensive,FALSE,FALSE,FALSE,Someone Like You|Let It Be,,,,,
1071,2024-04-06,free,14,2024-04-16,social,missing_feature,FALSE,TRUE,FALSE,Clair de Lune|Bohemian Rhapsody|Hotel California|Nuvole Bianche|Fly Me to the Moon|Imagine|Piano Man|Perfect|Blackbird|The Scientist|Misty|Gymnopédie No.1|Creep|What a Wonderful World,,,,,
1274,2025-02-14,free,4,2025-04-21,ai_search,missing_feature,FALSE,FALSE,FALSE,Stay With Me|Imagine|What a Wonderful World|Nuvole Bianche,,,,,
1337,2024-10-30,free,5,2024-11-28,ai_search,missing_feature,FALSE,TRUE,FALSE,Shallow|Shape of You|Perfect|Wonderwall|Piano Man,,,,,
1209,2024-02-22,free,3,2024-03-01,google_search,task_complete,FALSE,FALSE,FALSE,River Flows in You|Misty|Autumn Leaves,,,,,
1162,2025-03-18,free,4,2025-03-30,google_search,bugs,FALSE,FALSE,FALSE,What a Wonderful World|Let It Be|Lose Yourself|Clocks,,,,,
1423,2025-05-15,free,1,2025-05-21,direct,bugs,FALSE,FALSE,FALSE,Nuvole Bianche,,,,,
1216,2024-12-26,free,5,2025-03-11,google_search,task_complete,FALSE,FALSE,FALSE,Blackbird|Let It Be|Summertime|Nuvole Bianche|Misty,,,,,
1055,2025-01-14,free,6,2025-01-24,social,missing_feature,FALSE,TRUE,FALSE,Hotel California|Stay With Me|Hallelujah|All of Me|Autumn Leaves|Clair de Lune,,,,,
1128,2024-09-29,free,1,2024-12-04,google_search,too_expensive,FALSE,FALSE,FALSE,Autumn Leaves,,,,,
1136,2024-09-17,free,4,2024-09-26,google_search,too_expensive,FALSE,TRUE,FALSE,Comptine d'un autre été|Nuvole Bianche|Blackbird|Experience,,,,,
1335,2024-05-07,free,4,2024-05-11,ai_search,,FALSE,FALSE,FALSE,What a Wonderful World|Fly Me to the Moon|Clair de Lune|Summertime,,,,,
1026,2025-02-27,free,7,2025-08-30,referral,missing_feature,FALSE,TRUE,TRUE,Let It Be|Summertime|Studio Recording|My Composition #2|Clocks|Original Work|Untitled Recording,,,,,
1024,2024-06-17,free,7,2024-11-12,ai_search,missing_feature,FALSE,TRUE,TRUE,Improv Session|Original Work|What a Wonderful World|Studio Recording|Comptine d'un autre été|Untitled Recording|Creep,,,,,
1057,2024-04-17,free,15,2024-04-26,social,missing_feature,FALSE,TRUE,FALSE,Stairway to Heaven|Experience|Comptine d'un autre été|Shallow|Misty|Clair de Lune|Creep|River Flows in You|Imagine|The Sound of Silence|Hallelujah|Someone Like You|Blinding Lights|Gymnopédie No.1|Perfect,,,,,
1247,2024-05-19,free,5,2024-06-11,google_search,missing_feature,FALSE,FALSE,FALSE,Stairway to Heaven|All of Me|Let It Be|Fix You|The Heart Asks Pleasure First,,,,,
1392,2024-01-14,free,2,2024-02-26,social,task_complete,FALSE,TRUE,FALSE,Autumn Leaves|Let It Be,,,,,
1426,2024-12-14,free,3,2024-12-28,direct,bugs,FALSE,FALSE,FALSE,Let It Be|Clair de Lune|Fix You,,,,,
1152,2024-12-18,free,5,2025-02-23,google_search,too_expensive,FALSE,TRUE,FALSE,All of Me|Shallow|Bohemian Rhapsody|Perfect|Hotel California,,,,,
1297,2025-01-13,free,5,2025-02-24,ai_search,too_expensive,FALSE,FALSE,FALSE,Stairway to Heaven|Clocks|River Flows in You|Hotel California|Misty,,,,,
1175,2024-07-21,free,3,2024-07-23,google_search,,FALSE,TRUE,FALSE,Stay With Me|Perfect|Clocks,,,,,
1248,2024-04-15,free,4,2024-07-09,google_search,too_expensive,FALSE,FALSE,FALSE,Nuvole Bianche|Shape of You|Autumn Leaves|Experience,,,,,
1049,2025-03-16,free,5,2025-05-29,direct,,FALSE,FALSE,TRUE,My Song|Gymnopédie No.1|My Composition #1|All of Me|My Composition #3,,,,,
1238,2024-03-15,free,3,2024-04-19,google_search,task_complete,FALSE,TRUE,FALSE,Experience|The Scientist|Clocks,,,,,
1008,2025-01-17,free,16,2025-06-16,ai_search,missing_feature,FALSE,TRUE,TRUE,My Recording|My Song|Hotel California|Comptine d'un autre été|My Original|Composition Draft|Improv Session|Original Piece|The Scientist|Let It Be|Clocks|Experience|My Composition #2|My Piano Piece|Original Composition|Yesterday,,,,,
1409,2024-07-30,free,1,2024-09-01,social,too_expensive,FALSE,TRUE,FALSE,Fix You,,,,,
1387,2024-12-08,free,1,2025-01-12,social,too_expensive,FALSE,FALSE,FALSE,Summertime,,,,,
1420,2024-02-11,free,4,2024-03-17,direct,task_complete,FALSE,FALSE,FALSE,Experience|Summertime|Misty|Fly Me to the Moon,,,,,
1192,2024-12-12,free,1,2025-02-25,google_search,missing_feature,FALSE,TRUE,FALSE,Imagine,,,,,
1364,2024-09-19,free,3,2024-11-13,direct,bugs,FALSE,FALSE,FALSE,Creep|Hallelujah|Experience,,,,,
1319,2024-02-05,free,1,2024-02-21,ai_search,task_complete,FALSE,TRUE,FALSE,What a Wonderful World,,,,,
1028,2024-08-04,plus,6,2024-09-03,ai_search,,TRUE,FALSE,TRUE,Practice Recording|My Composition #2|The Scientist|My Song|Perfect|Creep,,,,,
1304,2024-04-19,plus,16,2024-05-22,ai_search,,TRUE,TRUE,FALSE,Bohemian Rhapsody|Someone Like You|Stairway to Heaven|Experience|Hallelujah|The Sound of Silence|Fly Me to the Moon|All of Me|Creep|What a Wonderful World|Wonderwall|The Scientist|Yesterday|Autumn Leaves|Gymnopédie No.1|Comptine d'un autre été,,,,,
1111,2024-12-06,free,5,2025-02-08,referral,,FALSE,FALSE,FALSE,Wonderwall|Nuvole Bianche|Lose Yourself|Bohemian Rhapsody|Misty,,,,,
1042,2024-12-26,pro,9,2025-04-16,ai_search,,TRUE,TRUE,TRUE,Autumn Leaves|Practice Recording|What a Wonderful World|Shallow|Original Piece|The Sound of Silence|Studio Recording|Untitled Recording|My Piano Piece,,,,,
1214,2024-05-28,free,2,2024-06-13,google_search,task_complete,FALSE,FALSE,FALSE,Wonderwall|Stay With Me,,,,,
1179,2024-12-03,free,2,2025-02-10,google_search,,FALSE,FALSE,FALSE,Shape of You|Yesterday,,,,,
1022,2024-03-07,free,10,2024-05-15,referral,,FALSE,TRUE,TRUE,Gymnopédie No.1|Clocks|My Composition #1|My Original|Lose Yourself|My Piano Piece|Summertime|Original Work|Practice Recording|Studio Recording,,,,,
1138,2024-06-14,free,4,2024-08-13,google_search,too_expensive,FALSE,FALSE,FALSE,Shape of You|Gymnopédie No.1|The Sound of Silence|Yesterday,,,,,
1098,2025-01-22,free,32,2025-02-02,social,too_expensive,FALSE,TRUE,FALSE,Clocks|The Sound of Silence|The Heart Asks Pleasure First|Hotel California|Wonderwall|Gymnopédie No.1|Creep|The Scientist|Misty|Yesterday|Imagine|Piano Man|Bohemian Rhapsody|Nuvole Bianche|Someone Like You|Summertime|Lose Yourself|River Flows in You|All of Me|Comptine d'un autre été|Hallelujah|Let It Be|Stairway to Heaven|Blackbird|Blinding Lights|Autumn Leaves|Shape of You|Clair de Lune|Stay With Me|Shallow|Fly Me to the Moon|Perfect,,,,,
1231,2025-02-06,free,3,2025-04-03,google_search,too_expensive,FALSE,TRUE,FALSE,Fly Me to the Moon|Wonderwall|All of Me,,,,,
1348,2024-08-20,free,4,2024-09-02,direct,task_complete,FALSE,FALSE,FALSE,Creep|All of Me|Lose Yourself|Stay With Me,,,,,
1183,2025-04-27,free,5,2025-05-11,google_search,too_expensive,FALSE,TRUE,FALSE,Wonderwall|The Heart Asks Pleasure First|Fly Me to the Moon|Stairway to Heaven|Gymnopédie No.1,,,,,
1255,2024-12-02,free,3,2025-01-29,google_search,task_complete,FALSE,FALSE,FALSE,Clocks|Gymnopédie No.1|Hallelujah,,,,,
1406,2024-02-10,free,3,2024-03-16,direct,too_expensive,FALSE,FALSE,FALSE,What a Wonderful World|Perfect|River Flows in You,,,,,
1317,2025-05-16,free,3,2025-07-13,ai_search,missing_feature,FALSE,FALSE,FALSE,Fix You|Someone Like You|Comptine d'un autre été,,,,,
1251,2024-04-07,free,4,2024-05-20,google_search,too_expensive,FALSE,FALSE,FALSE,Perfect|Shape of You|Bohemian Rhapsody|Hallelujah,,,,,
1198,2024-12-30,free,5,2025-02-22,google_search,,FALSE,FALSE,FALSE,Misty|What a Wonderful World|Bohemian Rhapsody|Autumn Leaves|Yesterday,,,,,
1320,2024-12-18,free,4,2025-01-11,ai_search,,FALSE,TRUE,FALSE,Someone Like You|Hotel California|Hallelujah|Stay With Me,,,,,
1356,2024-09-22,plus,3,2024-11-05,social,,TRUE,TRUE,FALSE,All of Me|Yesterday|Fix You,,,,,
1102,2024-06-16,free,25,2024-07-05,social,too_expensive,FALSE,TRUE,FALSE,Yesterday|Lose Yourself|All of Me|Nuvole Bianche|Summertime|The Scientist|Perfect|Blinding Lights|The Sound of Silence|Comptine d'un autre été|Hallelujah|Experience|Bohemian Rhapsody|Someone Like You|Stay With Me|Blackbird|The Heart Asks Pleasure First|Shape of You|Fly Me to the Moon|River Flows in You|Fix You|Piano Man|Shallow|Stairway to Heaven|Gymnopédie No.1,,,,,
1272,2024-05-23,free,3,2024-08-21,ai_search,task_complete,FALSE,FALSE,FALSE,Someone Like You|Autumn Leaves|Clocks,,,,,
1375,2024-02-24,free,2,2024-03-20,direct,task_complete,FALSE,FALSE,FALSE,Nuvole Bianche|What a Wonderful World,,,,,
1454,2025-05-07,free,4,2025-07-06,direct,too_expensive,FALSE,FALSE,FALSE,Piano Man|Yesterday|All of Me|Shape of You,,,,,
1333,2024-03-06,free,2,2024-04-15,ai_search,task_complete,FALSE,FALSE,FALSE,Experience|Nuvole Bianche,,,,,
1033,2025-01-03,free,8,2025-06-27,direct,missing_feature,FALSE,FALSE,TRUE,All of Me|My Composition #3|The Sound of Silence|Improv Session|What a Wonderful World|Clocks|My Composition #1|My Song,,,,,
1326,2024-05-08,free,3,2024-07-12,ai_search,too_expensive,FALSE,TRUE,FALSE,Comptine d'un autre été|Blinding Lights|Stay With Me,,,,,
1200,2024-07-05,free,2,2024-09-15,google_search,missing_feature,FALSE,TRUE,FALSE,Blinding Lights|Lose Yourself,,,,,
1262,2024-12-04,free,1,2024-12-07,google_search,task_complete,FALSE,FALSE,FALSE,Blackbird,,,,,
1007,2025-02-07,free,18,2025-03-31,ai_search,task_complete,FALSE,FALSE,TRUE,Original Piece|Studio Recording|All of Me|Original Work|My Recording|Bohemian Rhapsody|My Original|My Piano Piece|Experience|Composition Draft|Shallow|Original Composition|Blinding Lights|Wonderwall|The Scientist|My Composition #3|Untitled Recording|Misty,,,,,
1324,2025-02-24,free,1,2025-05-25,ai_search,task_complete,FALSE,FALSE,FALSE,Stay With Me,,,,,
1246,2024-03-14,pro,10,2024-04-29,google_search,,TRUE,FALSE,FALSE,Bohemian Rhapsody|What a Wonderful World|Gymnopédie No.1|Stairway to Heaven|Imagine|Hallelujah|Blackbird|The Sound of Silence|All of Me|Experience,,,,,
1325,2024-03-11,free,3,2024-04-29,ai_search,missing_feature,FALSE,FALSE,FALSE,Experience|Blackbird|Comptine d'un autre été,,,,,
1390,2024-02-16,free,2,2024-03-25,direct,too_expensive,FALSE,FALSE,FALSE,Let It Be|Comptine d'un autre été,,,,,
1103,2024-05-19,free,45,2024-06-08,social,too_expensive,FALSE,TRUE,FALSE,Misty|The Sound of Silence|Stairway to Heaven|Shape of You|Wonderwall|Someone Like You|The Scientist|Blinding Lights|Piano Man|Fix You|Yesterday|Autumn Leaves|The Heart Asks Pleasure First|Perfect|Clair de Lune|Summertime|River Flows in You|Bohemian Rhapsody|Hotel California|Creep|Hallelujah|All of Me|Blackbird|Comptine d'un autre été|Experience|Stay With Me|Lose Yourself|Imagine|Gymnopédie No.1|Shallow|Nuvole Bianche|Clocks|Let It Be|Fly Me to the Moon|What a Wonderful World,,,,,
1063,2024-06-25,free,10,2024-06-30,social,missing_feature,FALSE,TRUE,FALSE,The Heart Asks Pleasure First|Comptine d'un autre été|Imagine|Autumn Leaves|Clocks|Fly Me to the Moon|Shape of You|Experience|Perfect|River Flows in You,,,,,
1039,2024-01-11,free,4,2024-02-15,google_search,too_expensive,FALSE,TRUE,TRUE,Misty|Composition Draft|River Flows in You|My Recording,,,,,
1378,2025-04-19,free,2,2025-06-14,direct,too_expensive,FALSE,FALSE,FALSE,Autumn Leaves|Shallow,,,,,
1267,2025-02-23,free,3,2025-05-18,ai_search,task_complete,FALSE,FALSE,FALSE,Wonderwall|Comptine d'un autre été|The Sound of Silence,,,,,
1134,2024-07-07,free,1,2024-07-22,google_search,task_complete,FALSE,FALSE,FALSE,Creep,,,,,
1234,2025-01-18,free,2,2025-04-15,google_search,task_complete,FALSE,FALSE,FALSE,All of Me|Yesterday,,,,,
1416,2025-03-10,free,2,2025-03-19,direct,task_complete,FALSE,FALSE,FALSE,Let It Be|Blinding Lights,,,,,
1023,2025-03-07,pro,14,2025-07-03,direct,,TRUE,TRUE,TRUE,Original Work|My Composition #2|Practice Recording|Comptine d'un autre été|Misty|The Sound of Silence|My Composition #3|Hallelujah|Gymnopédie No.1|Improv Session|Studio Recording|River Flows in You|Composition Draft|Original Piece,,,,,
1100,2024-05-26,free,21,2024-06-04,social,too_expensive,FALSE,TRUE,FALSE,Clair de Lune|Blackbird|Creep|Blinding Lights|All of Me|Perfect|Nuvole Bianche|Experience|The Sound of Silence|Hallelujah|Wonderwall|The Heart Asks Pleasure First|Fly Me to the Moon|Bohemian Rhapsody|Stay With Me|Lose Yourself|Piano Man|Let It Be|Autumn Leaves|What a Wonderful World|Yesterday,,,,,
1037,2024-01-04,free,12,2024-07-09,google_search,missing_feature,FALSE,TRUE,TRUE,Practice Recording|Original Composition|Original Piece|Fly Me to the Moon|Original Work|My Piano Piece|Untitled Recording|Stairway to Heaven|Studio Recording|Stay With Me|The Heart Asks Pleasure First|Autumn Leaves,,,,,
1190,2024-09-04,free,2,2024-10-14,google_search,missing_feature,FALSE,FALSE,FALSE,Hallelujah|Shallow,,,,,
1164,2024-01-08,free,2,2024-02-15,google_search,too_expensive,FALSE,FALSE,FALSE,Misty|What a Wonderful World,,,,,
1110,2024-07-10,pro,6,2024-09-19,referral,,TRUE,TRUE,FALSE,Let It Be|The Heart Asks Pleasure First|Someone Like You|Bohemian Rhapsody|Fly Me to the Moon|Clair de Lune,,,,,
1141,2024-04-05,free,2,2024-04-30,google_search,too_expensive,FALSE,FALSE,FALSE,Piano Man|Nuvole Bianche,,,,,
1327,2024-04-29,free,4,2024-06-28,ai_search,task_complete,FALSE,TRUE,FALSE,Misty|Experience|Clocks|Lose Yourself,,,,,
1403,2024-10-28,free,4,2024-12-05,direct,task_complete,FALSE,FALSE,FALSE,Comptine d'un autre été|Let It Be|All of Me|River Flows in You,,,,,
1155,2025-02-25,free,5,2025-05-20,google_search,task_complete,FALSE,FALSE,FALSE,The Scientist|Someone Like You|Let It Be|Fix You|Blinding Lights,,,,,
1360,2024-05-21,free,1,2024-06-09,direct,bugs,FALSE,FALSE,FALSE,Experience,,,,,
1085,2024-01-05,free,2,2025-03-08,direct,missing_feature,FALSE,FALSE,FALSE,Someone Like You|The Sound of Silence,,,,,
1090,2024-04-12,free,2,2025-03-10,google_search,missing_feature,FALSE,FALSE,FALSE,Gymnopédie No.1|What a Wonderful World,,,,,
1460,2024-07-14,free,4,2024-08-29,social,task_complete,FALSE,TRUE,FALSE,Clocks|Experience|Blackbird|Perfect,,,,,
1173,2025-01-27,free,1,2025-03-14,google_search,task_complete,FALSE,FALSE,FALSE,Gymnopédie No.1,,,,,
1435,2024-07-17,free,2,2024-07-27,direct,task_complete,FALSE,FALSE,FALSE,Piano Man|Fly Me to the Moon,,,,,
1144,2025-03-19,free,4,2025-06-03,google_search,task_complete,FALSE,FALSE,FALSE,Misty|Clair de Lune|Clocks|The Sound of Silence,,,,,
1003,2024-07-26,plus,7,2025-01-25,ai_search,,TRUE,TRUE,TRUE,Stairway to Heaven|Original Composition|Improv Session|Shape of You|The Heart Asks Pleasure First|Original Piece|My Song,,,,,
1080,2024-07-18,free,1,2025-03-06,direct,missing_feature,FALSE,FALSE,FALSE,The Heart Asks Pleasure First,,,,,
1167,2024-04-17,free,4,2024-06-28,google_search,task_complete,FALSE,TRUE,FALSE,Misty|Bohemian Rhapsody|Stairway to Heaven|River Flows in You,,,,,
1212,2025-04-14,free,4,2025-07-03,google_search,too_expensive,FALSE,FALSE,FALSE,Yesterday|Autumn Leaves|Summertime|Wonderwall,,,,,
1371,2024-09-01,free,1,2024-09-30,direct,,FALSE,TRUE,FALSE,Someone Like You,,,,,
1025,2024-08-05,free,4,2024-09-15,ai_search,too_expensive,FALSE,TRUE,TRUE,My Piano Piece|Hallelujah|My Recording|Clair de Lune,,,,,
1235,2024-08-07,free,2,2024-10-21,google_search,too_expensive,FALSE,FALSE,FALSE,What a Wonderful World|Yesterday,,,,,
1217,2025-02-01,free,4,2025-04-26,google_search,task_complete,FALSE,FALSE,FALSE,Hallelujah|Lose Yourself|Nuvole Bianche|Wonderwall,,,,,
1027,2024-03-07,pro,18,2024-09-21,ai_search,,TRUE,FALSE,TRUE,Composition Draft|Original Composition|My Song|Bohemian Rhapsody|My Recording|Original Piece|Imagine|All of Me|Yesterday|Let It Be|Shape of You|Original Work|My Composition #2|Practice Recording|Improv Session|Clocks|Fix You|My Piano Piece,,,,,
1432,2025-01-12,free,3,2025-02-18,social,task_complete,FALSE,TRUE,FALSE,The Sound of Silence|What a Wonderful World|Summertime,,,,,
1223,2025-04-15,free,3,2025-05-25,google_search,,FALSE,FALSE,FALSE,Shape of You|Bohemian Rhapsody|Misty,,,,,
1047,2024-04-15,plus,4,2024-06-18,ai_search,,TRUE,TRUE,TRUE,Original Piece|Creep|Bohemian Rhapsody|My Recording,,,,,
1059,2024-12-22,free,21,2024-12-26,social,missing_feature,FALSE,TRUE,FALSE,Misty|All of Me|Stay With Me|Stairway to Heaven|The Heart Asks Pleasure First|Creep|Perfect|Wonderwall|Autumn Leaves|Gymnopédie No.1|Hallelujah|Nuvole Bianche|Comptine d'un autre été|Bohemian Rhapsody|Experience|Someone Like You|River Flows in You|Piano Man|Shallow|Fly Me to the Moon|Blackbird,,,,,
1376,2024-10-04,plus,9,2024-11-30,direct,,TRUE,FALSE,FALSE,Fix You|Let It Be|Clair de Lune|Blackbird|All of Me|The Heart Asks Pleasure First|Shallow|River Flows in You|Piano Man,,,,,
1372,2025-02-20,free,4,2025-03-12,social,task_complete,FALSE,FALSE,FALSE,Comptine d'un autre été|Stay With Me|Summertime|Nuvole Bianche,,,,,
1186,2024-05-29,free,1,2024-06-03,google_search,too_expensive,FALSE,FALSE,FALSE,All of Me,,,,,
1453,2024-12-30,free,3,2025-01-31,social,too_expensive,FALSE,FALSE,FALSE,Comptine d'un autre été|The Heart Asks Pleasure First|Perfect,,,,,
1056,2024-12-27,free,12,2025-01-03,social,missing_feature,FALSE,TRUE,FALSE,Misty|What a Wonderful World|Clocks|Someone Like You|Experience|Blinding Lights|Stay With Me|The Scientist|Stairway to Heaven|The Heart Asks Pleasure First|Let It Be|River Flows in You,,,,,
1368,2024-09-05,free,2,2024-09-24,direct,missing_feature,FALSE,FALSE,FALSE,Misty|All of Me,,,,,
1150,2024-07-07,free,4,2024-08-25,google_search,task_complete,FALSE,TRUE,FALSE,Clocks|Autumn Leaves|Fix You|Bohemian Rhapsody,,,,,
1380,2024-10-31,free,4,2024-12-24,social,task_complete,FALSE,TRUE,FALSE,Hotel California|Bohemian Rhapsody|Blinding Lights|Creep,,,,,
1452,2024-09-21,free,1,2024-10-21,social,task_complete,FALSE,FALSE,FALSE,Blinding Lights,,,,,
1329,2024-02-19,free,1,2024-05-10,ai_search,too_expensive,FALSE,FALSE,FALSE,Imagine,,,,,
1439,2024-09-14,free,3,2024-09-18,social,missing_feature,FALSE,FALSE,FALSE,Wonderwall|Fly Me to the Moon|What a Wonderful World,,,,,
1438,2024-10-12,free,3,2024-10-20,social,task_complete,FALSE,FALSE,FALSE,Lose Yourself|The Heart Asks Pleasure First|Creep,,,,,
1075,2024-01-30,free,1,2025-03-03,direct,missing_feature,FALSE,FALSE,FALSE,Fix You,,,,,
1430,2025-02-24,free,3,2025-02-24,direct,task_complete,FALSE,TRUE,FALSE,Shape of You|Experience|River Flows in You,,,,,
1068,2024-09-08,free,21,2024-09-14,social,missing_feature,FALSE,TRUE,FALSE,Blinding Lights|Nuvole Bianche|Comptine d'un autre été|Clair de Lune|The Sound of Silence|Creep|Perfect|The Heart Asks Pleasure First|Fix You|Shallow|Fly Me to the Moon|What a Wonderful World|Stay With Me|Clocks|Summertime|All of Me|Someone Like You|Wonderwall|The Scientist|Yesterday|Experience,,,,,
1347,2024-10-23,free,1,2024-10-23,social,task_complete,FALSE,FALSE,FALSE,Let It Be,,,,,
1312,2024-11-21,free,2,2024-12-09,ai_search,task_complete,FALSE,FALSE,FALSE,Shallow|Bohemian Rhapsody,,,,,
1015,2024-10-16,free,6,2024-12-26,ai_search,,FALSE,TRUE,TRUE,The Sound of Silence|Practice Recording|Original Work|Let It Be|Nuvole Bianche|My Composition #3,,,,,
1279,2024-06-28,free,3,2024-07-30,ai_search,task_complete,FALSE,TRUE,FALSE,Imagine|Misty|Gymnopédie No.1,,,,,
1252,2024-08-15,free,2,2024-09-11,google_search,too_expensive,FALSE,FALSE,FALSE,Creep|Stay With Me,,,,,
1189,2024-04-08,free,3,2024-06-10,google_search,too_expensive,FALSE,TRUE,FALSE,The Scientist|Blackbird|Wonderwall,,,,,
1384,2024-09-12,free,1,2024-10-14,direct,task_complete,FALSE,FALSE,FALSE,What a Wonderful World,,,,,
1369,2025-02-16,free,1,2025-02-27,social,task_complete,FALSE,FALSE,FALSE,Someone Like You,,,,,
1321,2025-05-09,free,1,2025-07-30,ai_search,task_complete,FALSE,FALSE,FALSE,Fix You,,,,,
1119,2024-10-03,free,2,2024-11-24,referral,,FALSE,FALSE,FALSE,The Heart Asks Pleasure First|Fix You,,,,,
1422,2024-08-26,free,4,2024-10-06,direct,,FALSE,FALSE,FALSE,All of Me|Comptine d'un autre été|Gymnopédie No.1|Experience,,,,,
1082,2024-07-24,free,1,2025-03-03,google_search,missing_feature,FALSE,FALSE,FALSE,Yesterday,,,,,
1249,2024-08-06,plus,10,2024-09-11,google_search,,TRUE,TRUE,FALSE,Shape of You|All of Me|Nuvole Bianche|What a Wonderful World|Let It Be|Perfect|Stay With Me|Fly Me to the Moon|River Flows in You|Fix You,,,,,
1389,2024-03-27,free,4,2024-04-26,social,missing_feature,FALSE,FALSE,FALSE,Comptine d'un autre été|Hallelujah|Piano Man|Blinding Lights,,,,,
1081,2024-08-10,free,1,2025-03-09,direct,missing_feature,FALSE,FALSE,FALSE,Hallelujah,,,,,
1449,2024-12-03,free,3,2024-12-20,direct,task_complete,FALSE,FALSE,FALSE,Perfect|Fly Me to the Moon|Gymnopédie No.1,,,,,
1210,2024-05-12,free,1,2024-05-28,google_search,task_complete,FALSE,TRUE,FALSE,Hallelujah,,,,,
1363,2025-01-11,free,1,2025-01-21,direct,task_complete,FALSE,FALSE,FALSE,Bohemian Rhapsody,,,,,
1114,2025-02-06,free,4,2025-05-15,referral,task_complete,FALSE,FALSE,FALSE,Piano Man|Gymnopédie No.1|Someone Like You|Fly Me to the Moon,,,,,
1095,2024-09-21,free,28,2024-10-03,social,too_expensive,FALSE,TRUE,FALSE,Piano Man|Lose Yourself|Shallow|Gymnopédie No.1|Stairway to Heaven|Summertime|The Scientist|Fix You|Clocks|What a Wonderful World|Nuvole Bianche|Let It Be|Blackbird|Someone Like You|Wonderwall|Hotel California|Clair de Lune|Blinding Lights|Fly Me to the Moon|Experience|River Flows in You|Hallelujah|Creep|Bohemian Rhapsody|Autumn Leaves|Yesterday|Perfect|Misty,,,,,
1265,2025-01-23,free,1,2025-01-25,ai_search,task_complete,FALSE,FALSE,FALSE,Someone Like You,,,,,
1275,2024-11-27,free,2,2025-01-20,ai_search,missing_feature,FALSE,TRUE,FALSE,Gymnopédie No.1|Stay With Me,,,,,
1142,2025-02-07,free,4,2025-04-14,google_search,task_complete,FALSE,TRUE,FALSE,Perfect|Gymnopédie No.1|Shape of You|What a Wonderful World,,,,,
1124,2024-10-28,plus,4,2025-01-11,google_search,,TRUE,TRUE,FALSE,Blackbird|All of Me|Clocks|Lose Yourself,,,,,
1367,2024-12-25,free,4,2025-01-12,social,,FALSE,FALSE,FALSE,Piano Man|What a Wonderful World|Imagine|Shape of You,,,,,
1117,2025-02-03,free,5,2025-05-12,referral,task_complete,FALSE,FALSE,FALSE,Gymnopédie No.1|Summertime|All of Me|Imagine|Yesterday,,,,,
1394,2024-08-26,free,1,2024-09-13,direct,missing_feature,FALSE,FALSE,FALSE,Clair de Lune,,,,,
1457,2025-01-28,free,2,2025-02-02,direct,,FALSE,FALSE,FALSE,Summertime|Imagine,,,,,
1260,2024-03-19,free,3,2024-04-12,google_search,,FALSE,TRUE,FALSE,Imagine|Blinding Lights|Hallelujah,,,,,
1072,2024-03-04,free,20,2024-03-09,social,missing_feature,FALSE,TRUE,FALSE,Summertime|Imagine|Let It Be|Clair de Lune|Wonderwall|Fix You|Lose Yourself|Comptine d'un autre été|Shape of You|Gymnopédie No.1|Someone Like You|Misty|Creep|Hallelujah|River Flows in You|Perfect|The Heart Asks Pleasure First|Clocks|Blinding Lights|Bohemian Rhapsody,,,,,
1058,2024-03-13,free,20,2024-03-22,social,missing_feature,FALSE,TRUE,FALSE,Summertime|Experience|All of Me|Creep|Fix You|Blinding Lights|River Flows in You|Hallelujah|Perfect|Let It Be|Clocks|Shape of You|The Sound of Silence|Someone Like You|Shallow|Stairway to Heaven|What a Wonderful World|Blackbird|Bohemian Rhapsody|Stay With Me,,,,,
1456,2025-01-15,free,3,2025-03-04,direct,too_expensive,FALSE,TRUE,FALSE,Hallelujah|Creep|The Scientist,,,,,
1309,2024-10-01,free,1,2024-12-10,ai_search,too_expensive,FALSE,TRUE,FALSE,Perfect,,,,,
1284,2024-08-11,free,3,2024-08-22,ai_search,too_expensive,FALSE,TRUE,FALSE,Creep|Fly Me to the Moon|Bohemian Rhapsody,,,,,
1171,2024-12-03,free,4,2024-12-30,google_search,,FALSE,FALSE,FALSE,Autumn Leaves|Clair de Lune|The Heart Asks Pleasure First|Wonderwall,,,,,
1060,2025-03-16,free,18,2025-03-23,social,missing_feature,FALSE,TRUE,FALSE,Fix You|Clocks|Stay With Me|Blackbird|Imagine|Yesterday|Comptine d'un autre été|Blinding Lights|Misty|Experience|Let It Be|Creep|Wonderwall|River Flows in You|The Sound of Silence|Hotel California|Hallelujah|Stairway to Heaven,,,,,
1306,2024-11-30,free,5,2025-02-18,ai_search,too_expensive,FALSE,FALSE,FALSE,Misty|Perfect|Hallelujah|The Scientist|What a Wonderful World,,,,,
1061,2024-05-10,free,10,2024-05-15,social,missing_feature,FALSE,TRUE,FALSE,What a Wonderful World|Shape of You|Yesterday|Blackbird|Clocks|Experience|Perfect|Misty|The Sound of Silence|Hallelujah,,,,,
1240,2025-05-06,free,5,2025-07-24,google_search,task_complete,FALSE,FALSE,FALSE,Someone Like You|The Scientist|Hallelujah|Misty|Yesterday,,,,,
1143,2024-03-26,free,3,2024-04-12,google_search,task_complete,FALSE,FALSE,FALSE,Yesterday|All of Me|Hotel California,,,,,
1115,2024-05-28,free,1,2024-09-16,referral,,FALSE,FALSE,FALSE,Hotel California,,,,,
1012,2025-01-02,plus,16,2025-04-19,direct,,TRUE,TRUE,TRUE,My Composition #1|Original Composition|My Recording|Fly Me to the Moon|The Scientist|My Piano Piece|Original Piece|Composition Draft|Untitled Recording|Piano Man|My Composition #3|Gymnopédie No.1|Blinding Lights|Misty|Bohemian Rhapsody|Practice Recording,,,,,
1168,2024-07-06,free,4,2024-08-26,google_search,too_expensive,FALSE,FALSE,FALSE,Blackbird|Misty|Stairway to Heaven|River Flows in You,,,,,
1433,2025-04-15,free,3,2025-05-30,direct,bugs,FALSE,TRUE,FALSE,Summertime|Comptine d'un autre été|Hallelujah,,,,,
1130,2025-03-10,free,1,2025-03-13,google_search,task_complete,FALSE,FALSE,FALSE,River Flows in You,,,,,
1002,2024-03-31,free,6,2024-10-06,direct,missing_feature,FALSE,TRUE,TRUE,Original Work|My Composition #2|Stairway to Heaven|Someone Like You|Autumn Leaves|My Composition #1,,,,,
1221,2024-01-03,free,5,2024-02-17,google_search,missing_feature,FALSE,FALSE,FALSE,Misty|The Sound of Silence|Blinding Lights|Summertime|The Scientist,,,,,
1339,2024-04-14,free,1,2024-06-27,ai_search,bugs,FALSE,FALSE,FALSE,Creep,,,,,
1224,2024-08-18,free,4,2024-09-29,google_search,too_expensive,FALSE,FALSE,FALSE,The Sound of Silence|The Scientist|Experience|Yesterday,,,,,
1149,2024-04-08,free,3,2024-04-09,google_search,too_expensive,FALSE,FALSE,FALSE,Fix You|Nuvole Bianche|Shallow,,,,,
1044,2024-09-11,free,6,2024-11-15,ai_search,too_expensive,FALSE,TRUE,TRUE,Clocks|Fly Me to the Moon|My Original|Nuvole Bianche|Studio Recording|Original Work,,,,,
1450,2024-08-16,free,3,2024-09-22,direct,task_complete,FALSE,FALSE,FALSE,Stay With Me|Wonderwall|Comptine d'un autre été,,,,,
1353,2025-02-28,free,1,2025-03-20,direct,bugs,FALSE,FALSE,FALSE,The Scientist,,,,,
1031,2025-02-19,free,12,2025-06-09,social,,FALSE,TRUE,TRUE,My Composition #2|Untitled Recording|Misty|Summertime|My Composition #1|Practice Recording|Improv Session|Wonderwall|My Original|My Composition #3|Fix You|Bohemian Rhapsody,,,,,
1163,2024-03-27,free,4,2024-04-28,google_search,task_complete,FALSE,FALSE,FALSE,Misty|Clair de Lune|Comptine d'un autre été|Shape of You,,,,,
1131,2024-03-03,free,4,2024-04-20,google_search,too_expensive,FALSE,TRUE,FALSE,The Sound of Silence|Piano Man|Blinding Lights|Hotel California,,,,,
1379,2025-02-05,free,2,2025-03-02,social,too_expensive,FALSE,TRUE,FALSE,Blinding Lights|Stay With Me,,,,,
1040,2024-05-15,free,9,2024-09-05,ai_search,too_expensive,FALSE,TRUE,TRUE,River Flows in You|Untitled Recording|Original Work|My Composition #1|Wonderwall|My Recording|Autumn Leaves|Experience|Original Piece,,,,,
1314,2024-11-22,plus,7,2025-01-21,ai_search,,TRUE,TRUE,FALSE,Misty|Perfect|Creep|Nuvole Bianche|All of Me|The Heart Asks Pleasure First|Imagine,,,,,
1202,2024-06-22,free,4,2024-07-25,google_search,task_complete,FALSE,TRUE,FALSE,Someone Like You|All of Me|Imagine|Stay With Me,,,,,
1222,2024-01-11,free,1,2024-03-21,google_search,too_expensive,FALSE,FALSE,FALSE,The Scientist,,,,,
1308,2024-05-26,free,4,2024-07-24,ai_search,task_complete,FALSE,FALSE,FALSE,The Heart Asks Pleasure First|Clocks|The Sound of Silence|Shallow,,,,,
1009,2024-08-16,free,15,2025-03-01,referral,too_expensive,FALSE,TRUE,TRUE,Hotel California|Original Piece|Stairway to Heaven|All of Me|Untitled Recording|Original Composition|My Composition #3|Yesterday|My Original|Practice Recording|Original Work|Improv Session|Wonderwall|My Recording|Shallow,,,,,
1066,2024-12-30,free,11,2025-01-08,social,missing_feature,FALSE,TRUE,FALSE,What a Wonderful World|Summertime|Shape of You|River Flows in You|Autumn Leaves|Piano Man|Nuvole Bianche|The Scientist|All of Me|The Heart Asks Pleasure First|Bohemian Rhapsody,,,,,
1444,2024-05-09,free,2,2024-06-29,social,,FALSE,FALSE,FALSE,Creep|The Scientist,,,,,
1401,2025-03-13,free,2,2025-05-06,direct,task_complete,FALSE,TRUE,FALSE,Someone Like You|Shape of You,,,,,
1030,2025-03-14,free,12,2025-08-21,social,,FALSE,TRUE,TRUE,My Composition #3|Original Composition|Shallow|Studio Recording|Let It Be|Creep|The Sound of Silence|My Recording|The Heart Asks Pleasure First|Improv Session|Original Work|Original Piece,,,,,
1017,2024-03-26,free,16,2024-10-04,referral,,FALSE,TRUE,TRUE,The Heart Asks Pleasure First|Practice Recording|My Recording|Untitled Recording|Autumn Leaves|Hallelujah|Original Work|Someone Like You|Composition Draft|Comptine d'un autre été|Improv Session|Shallow|My Piano Piece|My Composition #2|Studio Recording|Perfect,,,,,
1211,2024-03-10,free,3,2024-04-08,google_search,,FALSE,FALSE,FALSE,Fix You|Lose Yourself|Misty,,,,,
1153,2024-05-09,free,5,2024-07-02,google_search,task_complete,FALSE,FALSE,FALSE,Bohemian Rhapsody|Gymnopédie No.1|Let It Be|Fix You|Stairway to Heaven,,,,,
1382,2025-01-14,free,2,2025-03-02,social,task_complete,FALSE,FALSE,FALSE,Yesterday|Creep,,,,,
1086,2024-04-20,free,2,2025-03-03,direct,missing_feature,FALSE,FALSE,FALSE,Experience|Creep,,,,,
1096,2024-08-10,free,26,2024-08-29,social,too_expensive,FALSE,TRUE,FALSE,Bohemian Rhapsody|Nuvole Bianche|Shallow|River Flows in You|Blackbird|Gymnopédie No.1|Someone Like You|Shape of You|Stay With Me|Comptine d'un autre été|Imagine|Fly Me to the Moon|Hotel California|Creep|Yesterday|Clair de Lune|The Scientist|Autumn Leaves|Clocks|Blinding Lights|The Heart Asks Pleasure First|All of Me|Lose Yourself|Stairway to Heaven|Misty|Wonderwall,,,,,
1041,2024-11-27,free,4,2025-04-16,social,,FALSE,FALSE,TRUE,Clair de Lune|Improv Session|Blinding Lights|Original Piece,,,,,
1459,2024-10-12,free,4,2024-12-04,social,missing_feature,FALSE,FALSE,FALSE,Shallow|Wonderwall|Lose Yourself|Blackbird,,,,,
1421,2024-10-11,free,2,2024-11-11,direct,missing_feature,FALSE,TRUE,FALSE,Autumn Leaves|Hallelujah,,,,,
1307,2024-07-19,free,5,2024-09-28,ai_search,bugs,FALSE,FALSE,FALSE,Lose Yourself|Hallelujah|The Heart Asks Pleasure First|Shape of You|Blackbird,,,,,
1241,2025-01-29,plus,3,2025-04-15,google_search,,TRUE,TRUE,FALSE,Bohemian Rhapsody|The Sound of Silence|Experience,,,,,
1441,2024-11-09,free,4,2024-12-23,social,bugs,FALSE,FALSE,FALSE,Stairway to Heaven|Hallelujah|Misty|Someone Like You,,,,,
1266,2025-04-21,pro,5,2025-05-29,ai_search,,TRUE,FALSE,FALSE,Hallelujah|Piano Man|Clair de Lune|Creep|All of Me,,,,,
1332,2024-10-30,free,1,2025-01-03,ai_search,missing_feature,FALSE,TRUE,FALSE,Hotel California,,,,,
1127,2024-02-06,free,5,2024-02-10,google_search,too_expensive,FALSE,TRUE,FALSE,Let It Be|Stay With Me|Wonderwall|Someone Like You|Summertime,,,,,
1160,2024-10-07,free,2,2024-10-14,google_search,too_expensive,FALSE,FALSE,FALSE,The Scientist|Shallow,,,,,
1407,2024-01-19,free,2,2024-03-02,direct,missing_feature,FALSE,FALSE,FALSE,Someone Like You|Misty,,,,,
1093,2024-02-26,free,1,2025-03-07,google_search,missing_feature,FALSE,FALSE,FALSE,The Heart Asks Pleasure First,,,,,
1154,2025-04-19,free,2,2025-05-22,google_search,bugs,FALSE,FALSE,FALSE,Blackbird|All of Me,,,,,
1151,2024-02-27,free,5,2024-05-03,google_search,missing_feature,FALSE,TRUE,FALSE,Someone Like You|Hotel California|Yesterday|Summertime|Wonderwall,,,,,
1388,2025-01-13,free,3,2025-01-21,direct,task_complete,FALSE,FALSE,FALSE,Gymnopédie No.1|What a Wonderful World|Let It Be,,,,,
1276,2024-12-29,free,2,2025-02-20,ai_search,missing_feature,FALSE,FALSE,FALSE,Blackbird|All of Me,,,,,
1419,2024-07-20,free,1,2024-07-25,direct,task_complete,FALSE,TRUE,FALSE,The Scientist,,,,,
1283,2024-01-11,free,3,2024-03-29,ai_search,too_expensive,FALSE,FALSE,FALSE,Shape of You|Nuvole Bianche|Lose Yourself,,,,,
1019,2024-03-13,free,4,2024-07-08,ai_search,task_complete,FALSE,TRUE,TRUE,Hallelujah|Shallow|Untitled Recording|Original Work,,,,,
1161,2024-05-26,pro,17,2024-08-12,google_search,,TRUE,TRUE,FALSE,Yesterday|Fly Me to the Moon|Misty|Shape of You|Creep|Blinding Lights|Fix You|Blackbird|Autumn Leaves|The Heart Asks Pleasure First|Perfect|Clocks|Comptine d'un autre été|All of Me|Clair de Lune|Hallelujah|Stay With Me,,,,,
1129,2024-12-02,free,2,2024-12-08,google_search,task_complete,FALSE,FALSE,FALSE,Stairway to Heaven|Let It Be,,,,,
1206,2025-05-04,free,4,2025-06-15,google_search,bugs,FALSE,TRUE,FALSE,Stay With Me|The Heart Asks Pleasure First|Bohemian Rhapsody|Misty,,,,,
1077,2024-06-03,free,2,2025-03-07,google_search,missing_feature,FALSE,FALSE,FALSE,Comptine d'un autre été|Stay With Me,,,,,
1263,2024-03-29,free,4,2024-06-27,google_search,task_complete,FALSE,FALSE,FALSE,Stairway to Heaven|Blinding Lights|The Sound of Silence|Lose Yourself,,,,,
1043,2024-06-13,free,4,2024-09-03,ai_search,,FALSE,TRUE,TRUE,Perfect|My Piano Piece|The Sound of Silence|My Composition #3,,,,,
1393,2025-03-31,free,2,2025-05-12,direct,too_expensive,FALSE,FALSE,FALSE,Nuvole Bianche|All of Me,,,,,
1139,2024-09-29,free,5,2024-10-07,google_search,task_complete,FALSE,FALSE,FALSE,Autumn Leaves|Wonderwall|The Scientist|All of Me|Stay With Me,,,,,
1172,2024-01-30,free,2,2024-04-13,google_search,task_complete,FALSE,FALSE,FALSE,Perfect|The Scientist,,,,,
1014,2024-06-16,free,10,2024-07-14,direct,too_expensive,FALSE,TRUE,TRUE,Yesterday|My Composition #3|Clocks|Original Piece|My Piano Piece|Someone Like You|Improv Session|Studio Recording|My Recording|Perfect,,,,,
1101,2024-08-24,free,28,2024-09-01,social,too_expensive,FALSE,TRUE,FALSE,Fly Me to the Moon|Stairway to Heaven|River Flows in You|Imagine|Gymnopédie No.1|Stay With Me|Hallelujah|The Sound of Silence|Nuvole Bianche|Wonderwall|Let It Be|Clair de Lune|All of Me|Misty|Clocks|Creep|Shape of You|Autumn Leaves|Summertime|Piano Man|What a Wonderful World|Experience|The Scientist|The Heart Asks Pleasure First|Yesterday|Hotel California|Fix You|Lose Yourself,,,,,
1386,2024-02-28,free,4,2024-03-24,social,task_complete,FALSE,FALSE,FALSE,Hallelujah|Fix You|Summertime|Blinding Lights,,,,,
1125,2025-02-27,free,3,2025-02-28,google_search,task_complete,FALSE,FALSE,FALSE,Someone Like You|Fix You|Wonderwall,,,,,
1187,2025-05-07,pro,8,2025-06-29,google_search,,TRUE,FALSE,FALSE,Bohemian Rhapsody|Fix You|Shape of You|Autumn Leaves|Misty|Nuvole Bianche|Experience|Hallelujah,,,,,
1277,2024-04-16,free,1,2024-06-04,ai_search,task_complete,FALSE,TRUE,FALSE,River Flows in You,,,,,
1194,2024-07-13,free,3,2024-09-28,google_search,too_expensive,FALSE,FALSE,FALSE,Shallow|Clair de Lune|Misty,,,,,
1076,2024-11-21,free,1,2025-03-03,direct,missing_feature,FALSE,FALSE,FALSE,Fly Me to the Moon,,,,,
1122,2024-02-07,free,5,2024-05-09,referral,,FALSE,FALSE,FALSE,Blinding Lights|Stairway to Heaven|Imagine|All of Me|Autumn Leaves,,,,,
1108,2024-08-02,free,21,2024-08-07,social,too_expensive,FALSE,TRUE,FALSE,Yesterday|Summertime|Shallow|Lose Yourself|Hotel California|Hallelujah|Let It Be|Bohemian Rhapsody|Perfect|Creep|Fix You|The Sound of Silence|Autumn Leaves|Blackbird|Comptine d'un autre été|Nuvole Bianche|Imagine|The Scientist|River Flows in You|Experience|The Heart Asks Pleasure First,,,,,
1345,2024-05-29,free,3,2024-06-18,direct,too_expensive,FALSE,FALSE,FALSE,Lose Yourself|Perfect|Fix You,,,,,
1135,2024-12-09,free,2,2024-12-24,google_search,task_complete,FALSE,FALSE,FALSE,Clocks|Let It Be,,,,,
1195,2024-03-29,free,5,2024-05-28,google_search,too_expensive,FALSE,TRUE,FALSE,Autumn Leaves|Wonderwall|Comptine d'un autre été|Creep|Piano Man,,,,,
1254,2025-02-06,free,2,2025-04-05,google_search,task_complete,FALSE,FALSE,FALSE,Autumn Leaves|Stairway to Heaven,,,,,
1293,2025-04-11,free,2,2025-07-04,ai_search,bugs,FALSE,FALSE,FALSE,Shallow|Bohemian Rhapsody,,,,,
1074,2024-07-19,free,3,2025-03-06,direct,missing_feature,FALSE,FALSE,FALSE,Autumn Leaves|Lose Yourself|Clocks,,,,,
1073,2024-10-27,free,4,2025-03-05,direct,missing_feature,FALSE,FALSE,FALSE,Gymnopédie No.1|Perfect|Experience|Nuvole Bianche,,,,,
1268,2024-07-11,free,3,2024-08-09,ai_search,,FALSE,FALSE,FALSE,The Sound of Silence|Experience|Comptine d'un autre été,,,,,
1018,2024-09-28,free,5,2025-01-19,social,too_expensive,FALSE,TRUE,TRUE,Fly Me to the Moon|Untitled Recording|My Composition #3|Original Composition|Let It Be,,,,,
1271,2024-09-14,free,1,2024-10-02,ai_search,too_expensive,FALSE,FALSE,FALSE,Creep,,,,,
1391,2024-05-11,free,3,2024-06-10,social,task_complete,FALSE,FALSE,FALSE,Bohemian Rhapsody|The Scientist|Clocks,,,,,
1213,2025-01-02,free,5,2025-01-02,google_search,too_expensive,FALSE,FALSE,FALSE,The Scientist|Perfect|Nuvole Bianche|Hotel California|Lose Yourself,,,,,
1105,2024-10-16,free,35,2024-10-21,social,too_expensive,FALSE,TRUE,FALSE,Clocks|What a Wonderful World|Yesterday|Wonderwall|Clair de Lune|The Heart Asks Pleasure First|Autumn Leaves|Summertime|Creep|Bohemian Rhapsody|Experience|Hallelujah|All of Me|Someone Like You|The Sound of Silence|Shape of You|River Flows in You|Stairway to Heaven|Gymnopédie No.1|Misty|Fix You|The Scientist|Nuvole Bianche|Imagine|Blackbird|Hotel California|Shallow|Blinding Lights|Fly Me to the Moon|Comptine d'un autre été|Lose Yourself|Stay With Me|Piano Man|Perfect|Let It Be,,,,,
1448,2024-04-23,free,3,2024-06-19,social,task_complete,FALSE,FALSE,FALSE,Hallelujah|Stairway to Heaven|Shallow,,,,,
1233,2024-04-14,free,4,2024-05-11,google_search,,FALSE,FALSE,FALSE,All of Me|Experience|Creep|Bohemian Rhapsody,,,,,
1067,2025-03-31,free,16,2025-04-04,social,missing_feature,FALSE,TRUE,FALSE,Nuvole Bianche|Yesterday|Bohemian Rhapsody|Gymnopédie No.1|Someone Like You|Misty|Blackbird|Comptine d'un autre été|Imagine|Let It Be|Clair de Lune|Stairway to Heaven|Hotel California|River Flows in You|Blinding Lights|Clocks,,,,,
1038,2024-12-11,free,9,2025-01-31,ai_search,too_expensive,FALSE,FALSE,TRUE,Composition Draft|The Heart Asks Pleasure First|Original Composition|My Composition #1|Nuvole Bianche|My Song|Untitled Recording|Misty|Gymnopédie No.1,,,,,
1123,2024-10-27,free,5,2024-11-27,referral,,FALSE,FALSE,FALSE,Perfect|The Scientist|Blinding Lights|Shallow|Yesterday,,,,,
1273,2025-03-24,free,4,2025-03-29,ai_search,too_expensive,FALSE,FALSE,FALSE,Fly Me to the Moon|Bohemian Rhapsody|Hotel California|Lose Yourself,,,,,
1282,2024-02-26,free,4,2024-03-24,ai_search,task_complete,FALSE,FALSE,FALSE,Perfect|Autumn Leaves|All of Me|Shape of You,,,,,
1218,2024-10-09,free,5,2024-10-20,google_search,task_complete,FALSE,TRUE,FALSE,Comptine d'un autre été|Fly Me to the Moon|Someone Like You|All of Me|Autumn Leaves,,,,,
1455,2025-01-20,free,2,2025-02-09,direct,bugs,FALSE,TRUE,FALSE,Wonderwall|What a Wonderful World,,,,,
1431,2024-12-29,free,1,2025-01-13,direct,missing_feature,FALSE,FALSE,FALSE,The Scientist,,,,,
1291,2025-03-10,free,4,2025-03-26,ai_search,task_complete,FALSE,FALSE,FALSE,Someone Like You|Fix You|Let It Be|Summertime,,,,,
1156,2024-10-26,free,5,2024-11-06,google_search,task_complete,FALSE,TRUE,FALSE,Blackbird|Stairway to Heaven|The Scientist|Fly Me to the Moon|What a Wonderful World,,,,,
1264,2024-10-06,free,1,2024-12-16,ai_search,too_expensive,FALSE,FALSE,FALSE,Shallow,,,,,
1447,2024-08-23,free,2,2024-09-07,social,task_complete,FALSE,FALSE,FALSE,Autumn Leaves|Blinding Lights,,,,,
1437,2024-07-01,free,1,2024-07-18,direct,too_expensive,FALSE,TRUE,FALSE,Blackbird,,,,,
1029,2025-02-02,free,8,2025-03-10,referral,too_expensive,FALSE,FALSE,TRUE,Lose Yourself|Practice Recording|Hallelujah|Gymnopédie No.1|My Composition #2|Untitled Recording|My Composition #1|Shallow,,,,,
1313,2024-09-29,free,1,2024-10-01,ai_search,missing_feature,FALSE,FALSE,FALSE,Shape of You,,,,,
1104,2024-01-29,free,30,2024-02-05,social,too_expensive,FALSE,TRUE,FALSE,Nuvole Bianche|Experience|Stay With Me|Fix You|All of Me|Imagine|The Scientist|The Sound of Silence|Someone Like You|Shallow|Let It Be|Perfect|Blinding Lights|Creep|Yesterday|Shape of You|River Flows in You|Summertime|What a Wonderful World|Hotel California|Wonderwall|The Heart Asks Pleasure First|Fly Me to the Moon|Piano Man|Clair de Lune|Stairway to Heaven|Misty|Autumn Leaves|Lose Yourself|Comptine d'un autre été,,,,,
1299,2024-07-08,free,5,2024-09-09,ai_search,,FALSE,FALSE,FALSE,Autumn Leaves|The Heart Asks Pleasure First|Nuvole Bianche|Stay With Me|Wonderwall,,,,,
1458,2025-02-10,free,4,2025-03-12,social,task_complete,FALSE,FALSE,FALSE,Yesterday|Let It Be|Stay With Me|Piano Man,,,,,
1089,2024-11-25,free,2,2025-03-03,direct,missing_feature,FALSE,FALSE,FALSE,Hallelujah|Perfect,,,,,
1434,2024-12-27,free,1,2025-02-13,direct,task_complete,FALSE,FALSE,FALSE,Clocks,,,,,
1185,2024-05-10,free,1,2024-06-01,google_search,task_complete,FALSE,FALSE,FALSE,Clair de Lune,,,,,
1140,2024-12-09,free,4,2025-01-31,google_search,missing_feature,FALSE,TRUE,FALSE,Stay With Me|Piano Man|Imagine|Nuvole Bianche,,,,,
1287,2024-06-22,free,4,2024-07-25,ai_search,task_complete,FALSE,TRUE,FALSE,Blinding Lights|What a Wonderful World|Comptine d'un autre été|Stay With Me,,,,,
1099,2024-09-18,free,32,2024-10-01,social,too_expensive,FALSE,TRUE,FALSE,Fly Me to the Moon|Yesterday|Creep|Let It Be|The Heart Asks Pleasure First|Bohemian Rhapsody|Fix You|Wonderwall|Gymnopédie No.1|Imagine|Clair de Lune|Shallow|Hallelujah|The Scientist|Stay With Me|What a Wonderful World|Clocks|Experience|Perfect|Hotel California|Misty|Piano Man|Blackbird|Stairway to Heaven|Blinding Lights|Summertime|The Sound of Silence|Someone Like You|Comptine d'un autre été|Nuvole Bianche|Shape of You|Lose Yourself,,,,,
1402,2024-10-17,free,3,2024-11-16,social,task_complete,FALSE,FALSE,FALSE,Experience|Imagine|Shallow,,,,,
1258,2024-08-10,free,3,2024-09-26,google_search,task_complete,FALSE,FALSE,FALSE,Imagine|Stairway to Heaven|Lose Yourself,,,,,
1311,2024-02-16,free,4,2024-03-30,ai_search,too_expensive,FALSE,TRUE,FALSE,Fix You|Piano Man|Shape of You|What a Wonderful World,,,,,
1184,2024-09-14,free,4,2024-11-24,google_search,,FALSE,FALSE,FALSE,Lose Yourself|The Scientist|The Sound of Silence|Stay With Me,,,,,
1177,2024-02-12,free,2,2024-02-13,google_search,task_complete,FALSE,TRUE,FALSE,Fly Me to the Moon|Shape of You,,,,,
1237,2025-03-17,free,5,2025-03-30,google_search,task_complete,FALSE,FALSE,FALSE,The Sound of Silence|Autumn Leaves|Clocks|Perfect|Experience,,,,,
1395,2024-11-02,free,2,2024-12-26,social,,FALSE,FALSE,FALSE,Autumn Leaves|Bohemian Rhapsody,,,,,
1159,2024-02-21,free,4,2024-05-12,google_search,too_expensive,FALSE,FALSE,FALSE,Piano Man|Wonderwall|Stairway to Heaven|Fly Me to the Moon,,,,,
1381,2025-04-06,free,1,2025-05-24,social,missing_feature,FALSE,FALSE,FALSE,Experience,,,,,
1359,2024-10-17,free,4,2024-11-20,social,task_complete,FALSE,TRUE,FALSE,Stairway to Heaven|Piano Man|Summertime|Blinding Lights,,,,,
1088,2024-09-07,free,1,2025-03-07,direct,missing_feature,FALSE,FALSE,FALSE,Hallelujah,,,,,
1396,2024-10-06,free,2,2024-11-17,direct,bugs,FALSE,FALSE,FALSE,Autumn Leaves|Imagine,,,,,
1094,2024-02-03,free,3,2025-03-05,google_search,missing_feature,FALSE,FALSE,FALSE,Nuvole Bianche|Lose Yourself|Shape of You,,,,,
1316,2024-03-08,free,5,2024-04-12,ai_search,task_complete,FALSE,TRUE,FALSE,Blackbird|Experience|Fly Me to the Moon|Hotel California|Let It Be,,,,,
1280,2024-07-30,plus,11,2024-08-17,ai_search,,TRUE,TRUE,FALSE,Someone Like You|The Scientist|What a Wonderful World|The Heart Asks Pleasure First|Stairway to Heaven|Fly Me to the Moon|Stay With Me|Shallow|Blackbird|Wonderwall|Yesterday,,,,,
1232,2024-06-22,free,1,2024-09-04,google_search,,FALSE,FALSE,FALSE,Let It Be,,,,,
1004,2024-05-31,plus,6,2024-10-02,direct,,TRUE,TRUE,TRUE,My Recording|Lose Yourself|Piano Man|What a Wonderful World|Original Work|Improv Session,,,,,
1370,2025-01-24,free,1,2025-02-20,direct,too_expensive,FALSE,FALSE,FALSE,Summertime,,,,,
1191,2025-05-03,free,5,2025-05-19,google_search,task_complete,FALSE,FALSE,FALSE,Perfect|Bohemian Rhapsody|Autumn Leaves|Blackbird|Yesterday,,,,,
1310,2024-04-28,free,1,2024-06-08,ai_search,task_complete,FALSE,TRUE,FALSE,Lose Yourself,,,,,
1269,2025-01-03,free,4,2025-03-31,ai_search,too_expensive,FALSE,TRUE,FALSE,The Sound of Silence|What a Wonderful World|Shallow|Yesterday,,,,,
1462,2025-01-19,free,2,2025-03-18,direct,bugs,FALSE,FALSE,FALSE,Lose Yourself|Hotel California,,,,,
1451,2025-02-28,free,1,2025-04-25,direct,task_complete,FALSE,TRUE,FALSE,Stay With Me,,,,,
1013,2024-01-11,free,6,2024-03-11,ai_search,missing_feature,FALSE,TRUE,TRUE,Composition Draft|Piano Man|Original Piece|Gymnopédie No.1|My Composition #1|Yesterday,,,,,
1342,2025-02-22,free,3,2025-03-19,ai_search,missing_feature,FALSE,TRUE,FALSE,Hallelujah|Creep|Hotel California,,,,,
1296,2024-06-27,free,1,2024-09-13,ai_search,task_complete,FALSE,FALSE,FALSE,The Scientist,,,,,
1302,2025-04-25,free,4,2025-05-06,ai_search,task_complete,FALSE,TRUE,FALSE,Shape of You|Wonderwall|River Flows in You|Blackbird,,,,,
1424,2024-01-29,free,1,2024-02-16,social,missing_feature,FALSE,FALSE,FALSE,The Heart Asks Pleasure First,,,,,
1106,2025-01-17,free,29,2025-01-27,social,too_expensive,FALSE,TRUE,FALSE,Hotel California|Gymnopédie No.1|River Flows in You|Creep|Shape of You|The Sound of Silence|Comptine d'un autre été|What a Wonderful World|Piano Man|Stairway to Heaven|Blackbird|Perfect|Lose Yourself|Clocks|Wonderwall|Blinding Lights|Autumn Leaves|The Scientist|Summertime|Imagine|Let It Be|Clair de Lune|Fly Me to the Moon|Experience|Fix You|Stay With Me|Yesterday|Shallow|Bohemian Rhapsody,,,,,
1344,2024-05-18,free,1,2024-05-19,direct,too_expensive,FALSE,TRUE,FALSE,Experience,,,,,
1091,2024-07-11,free,3,2025-03-06,direct,missing_feature,FALSE,FALSE,FALSE,Hotel California|Gymnopédie No.1|Shape of You,,,,,
1046,2025-03-05,free,7,2025-05-23,social,,FALSE,FALSE,TRUE,Someone Like You|Misty|Blackbird|Original Work|Improv Session|Original Composition|My Song,,,,,
1215,2024-09-25,free,3,2024-10-16,google_search,task_complete,FALSE,FALSE,FALSE,Clocks|Perfect|All of Me,,,,,
1463,2025-05-10,free,4,2025-06-07,direct,task_complete,FALSE,FALSE,FALSE,River Flows in You|Let It Be|Imagine|Clocks,,,,,
1107,2024-11-10,free,29,2024-11-21,social,too_expensive,FALSE,TRUE,FALSE,Summertime|Bohemian Rhapsody|Shallow|Let It Be|Stay With Me|Perfect|Comptine d'un autre été|Nuvole Bianche|All of Me|Imagine|Fly Me to the Moon|Hotel California|Shape of You|Piano Man|Clocks|Yesterday|Stairway to Heaven|The Sound of Silence|Wonderwall|River Flows in You|Gymnopédie No.1|Someone Like You|Autumn Leaves|Creep|Blackbird|The Heart Asks Pleasure First|Clair de Lune|Blinding Lights|The Scientist,,,,,
1322,2025-01-03,free,4,2025-02-21,ai_search,task_complete,FALSE,FALSE,FALSE,River Flows in You|The Heart Asks Pleasure First|Perfect|Imagine,,,,,
1346,2025-03-01,free,4,2025-03-04,social,,FALSE,FALSE,FALSE,Autumn Leaves|Creep|Experience|Fly Me to the Moon,,,,,
1051,2024-09-25,free,8,2025-04-01,direct,missing_feature,FALSE,TRUE,TRUE,My Composition #1|Comptine d'un autre été|Composition Draft|Stay With Me|Original Piece|All of Me|Nuvole Bianche|Original Composition,,,,,
1126,2024-08-01,free,5,2024-09-26,google_search,task_complete,FALSE,FALSE,FALSE,River Flows in You|Nuvole Bianche|Fly Me to the Moon|Wonderwall|Let It Be,,,,,
1366,2024-08-02,free,1,2024-09-03,social,task_complete,FALSE,FALSE,FALSE,Nuvole Bianche,,,,,
1405,2025-04-26,free,3,2025-05-10,direct,task_complete,FALSE,FALSE,FALSE,Blinding Lights|Bohemian Rhapsody|Yesterday,,,,,
1087,2024-06-26,free,4,2025-03-06,direct,missing_feature,FALSE,FALSE,FALSE,Hallelujah|Someone Like You|Stay With Me|Imagine,,,,,
1285,2024-05-31,free,5,2024-06-27,ai_search,too_expensive,FALSE,FALSE,FALSE,Clocks|Experience|Clair de Lune|Bohemian Rhapsody|River Flows in You,,,,,
1330,2024-08-16,free,4,2024-08-30,ai_search,too_expensive,FALSE,FALSE,FALSE,Misty|Summertime|Fix You|Clocks,,,,,
1298,2024-10-17,free,5,2025-01-03,ai_search,missing_feature,FALSE,FALSE,FALSE,Summertime|Lose Yourself|River Flows in You|Gymnopédie No.1|Clair de Lune,,,,,
1165,2024-02-11,free,1,2024-02-20,google_search,task_complete,FALSE,FALSE,FALSE,Misty,,,,,
1146,2024-02-19,free,5,2024-05-08,google_search,too_expensive,FALSE,FALSE,FALSE,Stairway to Heaven|What a Wonderful World|Let It Be|Fix You|The Sound of Silence,,,,,
1411,2024-05-05,free,4,2024-06-25,social,task_complete,FALSE,FALSE,FALSE,Clocks|Imagine|All of Me|Stay With Me,,,,,
1069,2024-01-30,free,21,2024-02-07,social,missing_feature,FALSE,TRUE,FALSE,Bohemian Rhapsody|Experience|Hallelujah|Clair de Lune|Yesterday|Autumn Leaves|Hotel California|What a Wonderful World|Comptine d'un autre été|Nuvole Bianche|The Heart Asks Pleasure First|Fix You|Stay With Me|The Scientist|Let It Be|Misty|Blinding Lights|Shallow|Shape of You|Blackbird|Imagine,,,,,
1197,2024-04-22,free,2,2024-06-28,google_search,missing_feature,FALSE,FALSE,FALSE,Lose Yourself|Misty,,,,,
1109,2024-01-23,free,43,2024-02-12,social,too_expensive,FALSE,TRUE,FALSE,Comptine d'un autre été|Piano Man|Stay With Me|The Sound of Silence|Yesterday|Shape of You|Creep|Summertime|Someone Like You|Hallelujah|Misty|Blinding Lights|Imagine|Clocks|Perfect|What a Wonderful World|River Flows in You|Shallow|Nuvole Bianche|The Heart Asks Pleasure First|Autumn Leaves|Fly Me to the Moon|Lose Yourself|Gymnopédie No.1|Hotel California|Bohemian Rhapsody|Clair de Lune|Experience|Stairway to Heaven|All of Me|Wonderwall|Let It Be|Fix You|Blackbird|The Scientist,,,,,
1286,2024-08-05,free,3,2024-11-02,ai_search,missing_feature,FALSE,FALSE,FALSE,The Heart Asks Pleasure First|Misty|Clocks,,,,,
1300,2024-03-20,free,5,2024-05-13,ai_search,task_complete,FALSE,TRUE,FALSE,Comptine d'un autre été|Autumn Leaves|All of Me|Shallow|The Heart Asks Pleasure First,,,,,
1365,2024-04-18,free,2,2024-05-15,social,task_complete,FALSE,FALSE,FALSE,Misty|Yesterday,,,,,
1442,2024-10-02,free,3,2024-10-31,direct,too_expensive,FALSE,FALSE,FALSE,The Heart Asks Pleasure First|Piano Man|Nuvole Bianche,,,,,
1253,2024-06-23,free,3,2024-09-01,google_search,,FALSE,FALSE,FALSE,Clocks|Summertime|Creep,,,,,
1062,2024-06-12,free,6,2024-06-15,social,missing_feature,FALSE,TRUE,FALSE,Creep|Autumn Leaves|The Heart Asks Pleasure First|Imagine|The Sound of Silence|Bohemian Rhapsody,,,,,
1053,2024-08-23,free,4,2024-12-14,google_search,too_expensive,FALSE,FALSE,TRUE,Original Composition|Composition Draft|The Scientist|The Heart Asks Pleasure First,,,,,
1301,2025-04-06,free,2,2025-05-04,ai_search,task_complete,FALSE,FALSE,FALSE,Hallelujah|Lose Yourself,,,,,
1120,2024-09-07,pro,11,2024-09-18,referral,,TRUE,TRUE,FALSE,Wonderwall|The Heart Asks Pleasure First|Nuvole Bianche|Clocks|The Sound of Silence|Shape of You|Autumn Leaves|Bohemian Rhapsody|What a Wonderful World|Let It Be|Fly Me to the Moon,,,,,
1397,2024-04-16,free,2,2024-05-04,social,task_complete,FALSE,FALSE,FALSE,The Heart Asks Pleasure First|Bohemian Rhapsody,,,,,
1244,2024-11-19,free,1,2025-01-04,google_search,missing_feature,FALSE,TRUE,FALSE,Piano Man,,,,,
1097,2024-10-28,free,41,2024-11-10,social,too_expensive,FALSE,TRUE,FALSE,Gymnopédie No.1|Perfect|Yesterday|Creep|Blinding Lights|Stairway to Heaven|All of Me|What a Wonderful World|Hallelujah|Let It Be|Fly Me to the Moon|Misty|Experience|Piano Man|Shape of You|Imagine|Clair de Lune|Bohemian Rhapsody|Autumn Leaves|Comptine d'un autre été|Hotel California|River Flows in You|Summertime|The Scientist|The Heart Asks Pleasure First|Stay With Me|Shallow|Lose Yourself|Fix You|Nuvole Bianche|Wonderwall|Blackbird|Clocks|Someone Like You|The Sound of Silence,,,,,
1121,2025-01-30,free,5,2025-05-04,referral,task_complete,FALSE,FALSE,FALSE,Blinding Lights|Misty|River Flows in You|Clair de Lune|Yesterday,,,,,
1245,2024-12-22,free,2,2025-03-01,google_search,,FALSE,FALSE,FALSE,Fix You|Stay With Me,,,,,
1425,2024-04-27,free,4,2024-05-02,social,task_complete,FALSE,FALSE,FALSE,Fix You|Fly Me to the Moon|Creep|Wonderwall,,,,,
1226,2025-05-08,free,3,2025-07-02,google_search,task_complete,FALSE,FALSE,FALSE,Comptine d'un autre été|Stairway to Heaven|The Scientist,,,,,
1357,2025-05-03,free,4,2025-05-26,social,bugs,FALSE,FALSE,FALSE,Blinding Lights|Stay With Me|Misty|Hotel California,,,,,
1288,2024-03-22,free,4,2024-05-04,ai_search,missing_feature,FALSE,FALSE,FALSE,Perfect|Autumn Leaves|All of Me|Lose Yourself,,,,,
1354,2024-07-13,free,4,2024-08-12,direct,bugs,FALSE,FALSE,FALSE,The Heart Asks Pleasure First|Lose Yourself|Blinding Lights|Fix You,,,,,
1303,2024-03-02,free,3,2024-05-31,ai_search,,FALSE,TRUE,FALSE,Bohemian Rhapsody|Let It Be|Hallelujah,,,,,
1050,2024-05-15,plus,17,2024-07-27,google_search,,TRUE,TRUE,TRUE,Shallow|Practice Recording|The Heart Asks Pleasure First|The Sound of Silence|My Song|Studio Recording|Improv Session|Original Work|Composition Draft|My Composition #3|Original Piece|My Composition #1|My Piano Piece|Wonderwall|Stay With Me|Fix You|Blackbird,,,,,
1083,2025-01-16,free,4,2025-03-06,google_search,missing_feature,FALSE,FALSE,FALSE,Imagine|Clocks|Stairway to Heaven|Someone Like You,,,,,
1113,2025-03-19,free,5,2025-04-17,referral,task_complete,FALSE,FALSE,FALSE,The Scientist|Blinding Lights|Experience|Blackbird|Shallow,,,,,
1440,2024-10-04,free,1,2024-10-20,direct,,FALSE,FALSE,FALSE,Bohemian Rhapsody,,,,,
1243,2024-09-25,free,3,2024-12-24,google_search,too_expensive,FALSE,FALSE,FALSE,Stairway to Heaven|The Scientist|The Sound of Silence,,,,,
1289,2024-04-23,free,2,2024-06-18,ai_search,task_complete,FALSE,FALSE,FALSE,Shallow|Fix You,,,,,